Название,Цена,Ссылка
Подвесной светильник Ферум Orange,4990руб.,https://www.divan.ru/product/podvesnoj-svetilnik-ferum-orange
Светильник потолочный Ринга Black,3990руб.,https://www.divan.ru/product/svetilnik-potolochnyj-ringa-black
Торшер Бьйорк White,8990руб.,https://www.divan.ru/product/torsher-bjork-white
Подвесной светильник Тубули-5 Wood,12 490руб.,https://www.divan.ru/product/podvesnoj-svetilnik-tubuli-5-wood
Бра Смастен White,3690руб.,https://www.divan.ru/product/bra-smasten-white
Настольная лампа Арвика Wood,5690руб.,https://www.divan.ru/product/nastolnaya-lampa-arvika-wood
Подвесной светильник Инлада Wood,9490руб.,https://www.divan.ru/product/podvesnoj-svetilnik-inlada-wood
Настольная лампа Алней Orange,3990руб.,https://www.divan.ru/product/nastolnaya-lampa-alnej-orange
Подвесной светильник Намсен Black,10 490руб.,https://www.divan.ru/product/podvesnoj-svetilnik-namsen-black
Люстра Ливсден Brown,18 990руб.,https://www.divan.ru/product/lyustra-livsden-brown
Торшер Логмар Silver,17 990руб.,https://www.divan.ru/product/torsher-logmar-silver
Подвесной светильник Гронтри-1 Wood,13 290руб.,https://www.divan.ru/product/podvesnoj-svetilnik-grontri-1-wood
Бра Бракетт White,4290руб.,https://www.divan.ru/product/bra-brakett-white
Подвесной светильник Отра Wood,16 490руб.,https://www.divan.ru/product/podvesnoj-svetilnik-otra-wood
Подвесной светильник Кронор Orange,7690руб.,https://www.divan.ru/product/podvesnoj-svetilnik-kronor-orange
Светильник потолочный Орхус White,15 990руб.,https://www.divan.ru/product/svetilnik-potolochnyj-orhus-white
Подвесной светильник Рена Green,3690руб.,https://www.divan.ru/product/podvesnoj-svetilnik-rena-green
Светильник потолочный Ринга White,3990руб.,https://www.divan.ru/product/svetilnik-potolochnyj-ringa-white
Бра Берит Black,4990руб.,https://www.divan.ru/product/bra-berit-black
Подвесной светильник Кронор Black,7490руб.,https://www.divan.ru/product/podvesnoj-svetilnik-kronor-black
Настольная лампа Бьйорк White,3290руб.,https://www.divan.ru/product/nastolnaya-lampa-bjork-white
Подвесной светильник Селау-2 Glass,3690руб.,https://www.divan.ru/product/podvesnoj-svetilnik-selau-2-glass
Подвесной светильник Джамби Rattan,13 690руб.,https://www.divan.ru/product/podvesnoj-svetilnik-djambi-rattan
Бра Пинна Black,5990руб.,https://www.divan.ru/product/bra-pinna-black
Подвесной светильник Бьйорк White,7990руб.,https://www.divan.ru/product/podvesnoj-svetilnik-bjork-white
Торшер Осло Blue,17 990руб.,https://www.divan.ru/product/torsher-oslo-blue
Торшер Логмар Black,17 990руб.,https://www.divan.ru/product/torsher-logmar-black
Бра Бьйорк White,2490руб.,https://www.divan.ru/product/bra-bjork-white
Подвесной светильник Арвика Wood,7690руб.,https://www.divan.ru/product/podvesnoj-svetilnik-arvika-wood
Подвесной светильник Бенфлит Black,6490руб.,https://www.divan.ru/product/podvesnoj-svetilnik-benflit-black
Светильник потолочный Орхус Black,15 990руб.,https://www.divan.ru/product/svetilnik-potolochnyj-orhus-black
Настольная лампа Требен Orange,2990руб.,https://www.divan.ru/product/nastolnaya-lampa-treben-orange
Настольная лампа Сканди White,4690руб.,https://www.divan.ru/product/nastolnaya-lampa-skandi-white
Подвесной светильник Ливсден Brown,4690руб.,https://www.divan.ru/product/podvesnoj-svetilnik-livsden-brown
Подвесной светильник Бейла Black,5990руб.,https://www.divan.ru/product/podvesnoj-svetilnik-bejla-black
Светильник потолочный Лаго White,10 290руб.,https://www.divan.ru/product/svetilnik-potolochnyj-lago-white
Подвесной светильник Чинкве Silver,5290руб.,https://www.divan.ru/product/podvesnoj-svetilnik-chinkve-silver
Торшер Энкель Black,5290руб.,https://www.divan.ru/product/torsher-enkel-black
Люстра Малинг Multi,16 990руб.,https://www.divan.ru/product/lyustra-maling-multi
Подвесной светильник Джамби-1 Rattan,9690руб.,https://www.divan.ru/product/podvesnoj-svetilnik-djambi-1-rattan
Подвесной светильник Селау-1 Glass,3990руб.,https://www.divan.ru/product/podvesnoj-svetilnik-selau-1-glass
Подвесной светильник Ферум Black,2990руб.,https://www.divan.ru/product/podvesnoj-svetilnik-ferum-black
Бра Смастен Black,3690руб.,https://www.divan.ru/product/bra-smasten-black
Подвесной светильник Кронор White,7490руб.,https://www.divan.ru/product/podvesnoj-svetilnik-kronor-white
Подвесной светильник Тубули Wood,2690руб.,https://www.divan.ru/product/podvesnoj-svetilnik-tubuli-wood
Настольная лампа Требен White,2990руб.,https://www.divan.ru/product/nastolnaya-lampa-treben-white
Подвесной светильник Ферум Grey,2490руб.,https://www.divan.ru/product/podvesnoj-svetilnik-ferum-grey
Подвесной светильник Квина Black,6490руб.,https://www.divan.ru/product/podvesnoj-svetilnik-kvina-black
